year,guideline_pct,note,source_url
2017,1.5,ligne directrice annuelle,https://www.ontario.ca/page/residential-rent-increases
2018,1.8,ligne directrice annuelle,https://www.ontario.ca/page/residential-rent-increases
2019,1.8,ligne directrice annuelle,https://www.ontario.ca/page/residential-rent-increases
2020,2.2,ligne directrice annuelle,https://www.ontario.ca/page/residential-rent-increases
2021,0.0,gel des loyers,https://www.ontario.ca/page/residential-rent-increases
2022,1.2,ligne directrice annuelle,https://www.ontario.ca/page/residential-rent-increases
2023,2.5,ligne directrice annuelle,https://www.ontario.ca/page/residential-rent-increases
2024,2.5,ligne directrice annuelle,https://www.ontario.ca/page/residential-rent-increases
2025,2.5,ligne directrice annuelle,https://www.ontario.ca/page/residential-rent-increases
2026,2.1,ligne directrice annuelle,https://www.ontario.ca/page/residential-rent-increases
