year,tal_pct,tal_method,source_url
2017,0.6,ancienne méthode — logement non chauffé,https://www.tal.gouv.qc.ca/fr/actualites/detail?code=fixation-de-loyer-2017-exemple-supplementaire-de-calcul
2018,0.5,ancienne méthode — logement non chauffé,https://www.tal.gouv.qc.ca/fr/actualites/detail?code=le-calcul-de-l-augmentation-des-loyers-en-2018
2019,0.5,ancienne méthode — logement non chauffé,https://www.tal.gouv.qc.ca/fr/actualites/detail?code=le-calcul-de-l-augmentation-des-loyers-en-2019
2020,1.2,ancienne méthode — logement non chauffé,https://www.tal.gouv.qc.ca/fr/actualites/detail?code=le-calcul-de-l-augmentation-des-loyers-en-2020
2021,0.8,ancienne méthode — logement non chauffé,https://www.tal.gouv.qc.ca/fr/actualites/detail?code=le-calcul-de-l-augmentation-des-loyers-en-2021
2022,1.28,ancienne méthode — logement non chauffé,https://www.tal.gouv.qc.ca/sites/default/files/COMMUNIQUE_FIXATION_2022_FR.pdf
2023,2.3,ancienne méthode — logement non chauffé,https://www.tal.gouv.qc.ca/sites/default/files/COMMUNIQUE_FIXATION_2023_FR.pdf
2024,4.0,ancienne méthode — logement non chauffé,https://www.tal.gouv.qc.ca/sites/default/files/COMMUNIQUE_FIXATION_2024_FR.pdf
2025,5.9,ancienne méthode — logement non chauffé,https://www.tal.gouv.qc.ca/sites/default/files/COMMUNIQUE_FIXATION_2025_FR.pdf
2026,3.1,nouvelle méthode — pourcentage de base,https://www.tal.gouv.qc.ca/fr/reconduction-du-bail-et-fixation-de-loyer/pourcentages-applicables-aux-criteres-de-fixation-de-loyer
